,ner
0,"['vcb', 'intesa sanpaolo', 'italia', 'cửu long', 'hà nội', 'sông', 'việt nam', 'đồng bằng']"
1,"['châu âu', 'hastc index', 'nhiệt điện', 'thương mại', 'vận tải', 'dầu khí', 'dhg', 'đầu tư', 'pvi', 'sản xuất', 'phú phong', 'ctcp', 'index', 'acb', 'mỹ', 'dịch vụ', 'phương mai', 'hà nội', 'vinashin', 'phả lại', 'và', 'vn', 'stb', 'fed']"
2,"['sfc', 'nhiên liệu', 'chứng khoán', 'thương mại', 'vàng bạc', 'sài gòn', 'tp hcm', 'cổ phần', 'dung', 'công ty', 'đá quý', 'đông á', 'địa ốc', 'phú nhuận', 'ngân hàng', 'kinh đô', 'đông á công ty', 'pnj', 'cao thị ngọc dung']"
3,"['fpt', 'công ty', 'đại học', 'nihon sekkei nhật bản', 'hoà lạc', 'bất động sản', 'land', 'việt nam']"
4,"['sài gòn', 'hose', 'á châu', 'ck', 'bsc', 'ngoại thương', 'ngân hàng', 'ctcp', 'thanh huyền', 'ctck', 'bvsc', 'ssi', 'việt nam']"
5,"['vcb', 'hose', 'avsc', 'abc', 'hnx', 'tuấn nguyễn', 'vn', 'stb', 'index', 'việt nam', 'acb']"
6,"['chungta', 'văn miếu', 'fpt', 'phòng', 'ks', 'horison', 'ngọc bc', 'horison hiềnnv', 'btc', 'bùi quang ngọc theo', 'ngọc']"
8,"['deloitte', 'fpt', 'anz']"
9,"['fpt', 'anz', 'ctcp']"
10,"['vcb', 'mỹ', 'tài chính', 'tp', 'tập đoàn', 'ngân hàng', 'dương', 'nhnn', 'hcm', 'general electric', 'nguyên', 'vn', 'lê thẩm dương trưởng', 'hằng']"
11,"['elcom', 'bùi sưởng']"
12,"['sài gòn', 'cổ phần', 'ô tô', 'công ty', 'chứng khoán', 'ctcp', 'tmt', 'hưng yên', 'v minh', 'giải phóng', 'ssi', 'ôtô tmt tmt']"
13,"['nam tổng giám', 'mekong capital', 'cổ phần', 'fpt', 'việt úc', 'công ty', 'vas', 'tập đoàn', 'việt úc ông nguyễn', 'giáo dục', 'capital', 'thành', 'quốc tế', 'trường']"
14,"['telecom', 'fpt', 'tập đoàn', 'ctcp', 'evn']"
15,"['madhur maini tổng giám', 'thái nguyên', 'tiberon', 'morgan', 'phát triển', 'núi', 'đông dương', 'việt nam', 'cổ phần', 'công ty', 'ma san tuy', 'mount kellet', 'ma san', 'mỹ', 'tập đoàn', 'ngân hàng', 'tỉnh', 'pháo', 'pháo ông jason maynard', 'jp', 'mount kellett', 'tài nguyên']"
16,['hưng']
17,"['hoàng minh châu trước', 'fpt', 'cty', 'trương đình anh', 'đình anh', 'trương gia bình', 'tphcm', 'trương thị thanh thanh', 'trương gia bình tgđ', 'trương', 'chỗ']"
18,"['vincom hose vic', 'ctcp']"
20,"['masan', 'msn', 'hàng tiêu dùng', 'ctcp', 'kkr', 'việt nam']"
21,"['vingroup trước', 'vincom', 'tập đoàn', 'mai hương nội']"
22,"['telecom', 'fpt', 'nguyễn văn khoa fpt', 'nguyễn khải hoàn', 'nguyễn văn khoa', 'software']"
23,"['telecom', 'fpt', 'telecom lãnh', 'trương đình anh fpt', 'trương đình anh', 'đinh quang trí', 'telecom tổng giám đốc', 'evn', 'telecom liên', 'đạo']"
24,"['masan', 'núi', 'pháo masan group', 'madhur maini', 'masan group']"
25,"['vcb', 'mizuho', 'vcsc', 'ifc', 'credit suisse']"
26,"['fpt', 'công ty', 'đỗ cao bảo', 'giải pháp', 'phạm minh tuấn', 'tnhh', 'công nghệ']"
27,[]
28,"['cổ phần', 'fpt', 'trading lê trung thành', 'công ty', 'nguyễn kim pico mục', 'trương gia bình', 'trading', 'thành']"
29,"['đá quý', 'ctcp', 'phú nhuận', 'pnj', 'vàng bạc']"
30,"['công ty', 'cổ phần', 'tập đoàn', 'fpt']"
31,"['hải quan', 'fpt', 'tổng cục']"
32,['fpt']
33,"['vincom', 'đường', 'fpt', 'apple', 'tp', 'trương đình anh', 'lê lợi đại', 'hcm', 'thương mại', 'việt nam', 'trung tâm']"
34,"['cổ phần', 'công ty', 'đá quý', 'dung', 'vàng bạc', 'pnj', 'cao thị ngọc dung', 'phú nhuận']"
35,"['dung', 'pnj']"
36,"['miền', 'bắc', 'nam lafooco ssi', 'nguyễn duy hưng', 'ssi', 'vn', 'index', 'việt nam']"
37,"['telecom', 'gdck', 'fpt', 'sở', 'telecom theo', 'tp', 'hcm']"
38,"['vcci', 'phạm thu hằng', 'công ty', 'bảo hiểm', 'chartis', 'hiệp hội', 'việt nam']"
39,"['q', 'mỹ', 'cổ phần', 'công ty', 'đá quý', 'xí nghiệp', 'công an', 'tphcm', 'vàng bạc', 'nữ trang', 'pnj', 'nghệ an', 'hồ văn mỹ', 'phú nhuận']"
41,"['hose', 'fpt', 'ctcp']"
42,"['sở giao dịch', 'cổ phần', 'tập đoàn', 'vingroup công ty', 'chứng khoán', 'tphcm', 'vic']"
43,"['phát triển', 'ngân hàng', 'và', 'đầu tư', 'bidv', 'tmcp', 'việt nam']"
44,"['cổ phần', 'vinmec', 'tập đoàn', 'vingroup công ty', 'bệnh viện', 'vic', 'vingroup', 'vinpearl']"
45,"['phát triển', 'cổ phần', 'ngân hàng', 'tỷ', 'thương mại', 'và', 'đầu tư', 'bidv', 'việt nam', 'đơn vị']"
46,"['sài gòn', 'cổ phần', 'công ty', 'chứng khoán', 'ssi']"
48,"['ssi', 'sài gòn', 'chứng khoán', 'ctcp']"
50,"['công thương', 'tmcp', 'ngân hàng', 'việt nam']"
51,"['cổ phần', 'msf', 'công ty', 'ma san msn', 'tập đoàn', 'msn']"
52,"['phát triển', 'ngân hàng', 'nhnn', 'và', 'đầu tư', 'bidv', 'tmcp', 'việt nam']"
54,"['vincom', 'đồng khởi', 'cổ phần', 'bến nghé', 'công ty', 'lê lợi', 'tập đoàn', 'nguyễn huệ', 'tphcm', 'vic', 'tương lai', '6a', '1', 'phường', 'vingroup', 'quận']"
55,"['quách thanh ngọc thuỷ', 'stb', 'tô thanh hoàng mã']"
57,"['stb', 'trầm bê']"
58,['vic']
60,"['khánh hoà', 'vinpearl công ty', 'thành viên', 'cam ranh', 'phát triển', 'một', 'đầu tư', '&', 'mtv', 'cổ phần', 'công ty', 'nguyễn trọng hiền', 'vinpearl bãi dài', 'tập đoàn', 'vic', 'vingroup', 'hòn tre', 'tnhh', 'vinpearl']"
61,[]
62,"['ssi', 'sài gòn', 'chứng khoán', 'ctcp']"
64,"['fpt', 'daewoo', 'trương gia bình chủ tịch', 'hà nội chi', 'khách sạn']"
65,"['khách sạn', 'fpt', 'daewoo']"
70,"['phát triển', 'vincom centrerb', 'công ty', 'thành phố', 'thời đại', 'hồ chí minh', 'thương mại', 'vic', 'đầu tư', 'tnhh', '&', 'mtv']"
71,"['đông á', 'ctcp', 'pnj', 'hđqtpnj', 'địa ốc']"
75,"['trần xuân hiệp mã', 'stb']"
76,"['stb', 'trần bích hảo mã']"
79,"['telecom', 'fpt', 'nguyễn thế phương', 'mớifpt', 'trương gia bình', 'nguyễn thành nam', 'scic', 'bình']"
89,"['sở giao dịch', 'cổ phần', 'chífpt', 'fpt', 'công ty', 'apple', 'tập đoàn', 'chứng khoán', 'tphcm', 'báo', 'việt nam']"
97,"['retail', 'fpt', 'myanmar']"
99,['vcb']
100,"['phát triển', 'sài đồng', 'công ty', 'ctcp', 'vincom center long biên', 'đô thị', 'và', 'vic', 'đầu tư', 'vincom retail', 'du lịch', 'tnhh', 'việt nam']"
105,"['phát triển', 'cổ phần', 'ngân hàng', 'liên doanh', 'việt hiện', 'việt', 'thương mại', 'và', 'đầu tư', 'bidv', 'lào', 'việt nam']"
108,"['phát triển', 'xavinco', 'địa ốc', 'hoàng gia', 'thành phố', 'ctcp', 'vic', 'đầu tư', 'bất động sản', '&']"
109,"['phát triển', 'vincom retail', 'công ty', 'bđs', 'thành phố', 'vincom center long biên', 'hải phòng', 'vincom center bà triệu', 'và', 'vic', 'đầu tư', 'hcm', 'tnhh', 'vincom center b', 'mtv']"
112,"['ubcknn', 'stb']"
113,['fpt']
120,"['phát triển', 'hạ tầng', 'cổ phần', 'tập đoàn', 'vingroup công ty', 'ctcp', 'việt nam', 'và', 'vic', 'tp hcm theo', 'bất động sản', 'khách sạn', 'vincom center a']"
122,"['hoàn kiếm', 'lý thái tổ', 'tp', 'hà nội trước', 'ngân hàng', 'bidv', 'phường', 'nhà nước', 'quận']"
123,"['45a', 'lê thánh tôn', '1', 'đô thị', 'hcm', 'thương mại', '72', 'phường', 'trung tâm', 'phát triển', 'thời đại', 'đầu tư', '47', 'mtv', 'hose', 'bến nghé', 'mới công ty', 'thế hệ', 'công ty', 'nam', 'ctcp', 'vincom center b', 'vincom', 'tp', 'lý tự trọng', 'tập đoàn', 'và', 'vic', 'tnhh', 'vingroup', 'quận']"
126,['fpt']
140,"['công thương', 'tmcp', 'ngân hàng', 'việt nam']"
141,"['phát triển', 'hội đồng', 'cửu long mhb', 'nông nghiệp', 'đồng bằng', 'ngân hàng', 'hùng', 'vamc', 'nhà', 'sông', 'và', 'nông thôn', 'nguyễn quốc hùng', 'bidv', 'thành viên', 'việt nam']"
144,"['đá quý', 'ctcp', 'phú nhuận', 'pnj', 'vàng bạc']"
146,"['phát triển', 'hai', 'công ty', 'vic', 'đầu tư', 'tnhh', 'ngọc viễn đông']"
150,"['hose', 'ngân hàng', 'agribank tính', 'bidv', 'nhà nước', 'việt nam']"
151,['ssi']
152,"['đá quý', 'ctcp', 'phú nhuận', 'pnj', 'vàng bạc']"
154,"['thuế', 'tp hcm', 'pnj', 'cục']"
161,[]
162,['chi tiết']
163,['fpt']
166,"['cổ phần', 'công ty', 'đầu tư', 'vic', 'xây dựng', 'tân liên phát']"
168,"['ubcknn', 'nhà nước', 'ngân hàng']"
170,"['sài gòn', 'bibica', 'thuỷ hải', 'chứng khoán', 'ctcp', 'bến tre', 'sản', 'ssi', 'việt nam']"
171,"['stb', 'lê thu quỳnh mã']"
181,[]
183,"['andy ho', 'nguyễn thị hương giang']"
187,"['nam trung bộ', 'hoàng thanh hải', 'bắc', 'stb', 'tây nguyên', 'miền', 'nguyễn đức thạch diễm']"
190,"['stb', 'nguyễn minh tâm mã']"
196,[]
199,"['đá quý', 'ctcp', 'phú nhuận', 'pnj', 'vàng bạc']"
201,[]
202,[]
207,"['phan thị chinh', 'hà', 'vamc', 'morgan standley', 'bidv', 'lê đào nguyên', 'trần bắc hà', 'trần văn hiếu']"
209,['lê thị kim khuyên']
211,['stb']
213,"['đt', 'ngân hàng', 'pt', 'bidv', 'bid', '&', 'việt nam']"
214,['vcb']
217,['msn']
218,[]
219,[]
221,"['is', 'fpt']"
223,"['bidv', 'bid']"
224,['bidv']
226,"['hồ doãn cường mã', 'stb']"
228,['đặng ngọc cả mã']
229,[]
230,"['stb', 'thị nghè', 'hồ doãn thuỷ nhi mã']"
231,"['bình thạnh', 'stb', 'hồ doãn thục quyên mã']"
234,"['châu âu', 'fpt', 'slovakia', 'software', 'it', 'rwe']"
240,[]
241,['đặng ngọc cả mã']
243,[]
244,[]
247,"['đầu tư', 'di động', 'thế giới', 'ctcp']"
248,['trần minh khoa mã']
249,[]
250,['fpt']
251,"['vn', 'vinpearl', 'ctcp']"
253,[]
254,"['luỹ', 'fpt']"
256,"['vingroup vic', 'tập đoàn', 'ctcp', 'vic', 'vinpearl', 'việt nam']"
257,[]
258,[]
259,[]
260,"['nguyễn tất thắng mã', 'mai hương nội', 'việt nam', 'vic']"
261,"['số lượng', 'mai hương nội', 'vic', 'mai thu thuỷ mã', 'việt nam']"
262,"['mai tất tố mã', 'việt nam', 'vic', 'mai hương nội']"
263,"['cty', 'kgm', 'mai hương nội', 'thương mại', 'đầu tư', 'kinh doanh', 'tnhh']"
264,"['mai hương nội mã', 'việt nam', 'vic', 'mai hương nội']"
265,"['đặng thanh thuý mã', 'vic']"
267,"['hoàng việt phương mã', 'nguyễn đức thành']"
268,"['vingroup vic', 'tập đoàn', 'ctcp', 'vic', 'vinpearl', 'việt nam']"
270,[]
271,"['ngân hàng', 'ngoại thương', 'nhnn', 'tmcp', 'việt nam']"
272,"['vn', 'vinpearl', 'ctcp']"
273,"['tổng công ty', 'fpt', 'tập đoàn', 'đường sắt', 'việt nam']"
274,[]
275,[]
277,['trần minh khoa mã']
279,[]
280,['phạm văn khương mã']
281,"['cổ phần', 'pnj', 'đông á', 'ngân hàng', 'thương mại']"
283,"['sài gòn', 'hose', 'sfc', 'nhiên liệu', 'đá quý', 'ctcp', 'phú nhuận', 'pnj', 'vàng bạc']"
284,"['cao thị ngọc dung', 'pnj']"
285,"['nclq', 'công ty', 'mã', 'lê song lai', 'scic', 'sic', 'đầu tư', 'tnhh', 'mtv']"
287,"['pháp', 'núi']"
289,"['nclq', 'công ty', 'nguyễn duy hưng', 'ndh', 'tnhh', 'việt nam']"
290,['ubcknn']
293,"['đặng thanh thuý mã', 'vic']"
294,"['cao thị ngọc dung', 'pnj']"
295,['ubcknn']
299,[]
300,"['mã', 'bùi', 'nguyễn phương châu']"
301,"['sài gòn', 'đan linh', 'bđs', 'cty', 'hà thị thanh vân', 'tnhh', 'nguyễn hồng nam']"
302,"['hà thị thanh vân', 'nclq', 'nguyễn hồng nam']"
303,"['sài gòn', 'đan linh', 'bđs', 'cty', 'hà thị thanh vân', 'tnhh', 'nguyễn hồng nam']"
304,"['gdck', 'lưu', 'sở', 'tp', 'tập đoàn', 'hcm', 'ubcknn', 'vingroup', 'vingroup khi']"
306,[]
310,['nguyễn hồng nam']
311,"['nclq', 'nguyễn hồng nam']"
312,"['nclq', 'nguyễn hồng nam']"
315,"['mã', 'bùi', 'nguyễn phương châu']"
317,[]
323,"['luỹ', 'a']"
324,[]
335,[]
337,"['mã ck fpt', 'cổ phần', 'fpt', 'công ty', 'luỹ']"
339,[]
340,"['công ty', 'cp', 'đá quý', 'vàng bạc', 'pnj', 'phú nhuận']"
341,"['nichirei foods nhật bản', 'thực phẩm', 'công ty', 'cp', 'xuất nhập khẩu', 'masan food', 'cholimex cholimex foods trong', 'và', 'đầu tư', 'chợ lớn cholimex', 'tnhh', 'cholimex foods', 'mtv', 'masan masan food']"
342,"['công ty', 'cp', 'thế giới']"
343,['ubcknn']
344,['bidv']
348,[]
355,"['sài gòn', 'central park new york', 'nhật bản', 'vinhomes central park', 'tập đoàn', 'thành phố', 'công viên', 'người', 'sông', '\u200bnhằm', 'vingroup công trình', 'hồ chí minh', 'nguồn', 'vingroup', 'hoa kỳ']"
357,"['thế giới', 'ctcp', 'di động', 'đầu tư', 'mwg']"
358,[]
361,"['đông á', 'ngân hàng', 'pnj']"
362,"['royal city', 'vận tải', 'ngã tư vọng', 'đường', 'sở', 'vĩnh tuy', 'cầu', 'nguyễn trãi', 'mai động', 'chợ', 'láng ngã tư sở', 'tp', 'tập đoàn', 'thành phố', 'mơ', 'hà nội', 'times city', 'giao thông', 'ubnd', 'vingroup']"
366,"['đường', 'đinh tiên hoàng để', 'uỷ ban nhân dân', 'sở', 'đinh tiên hoàng lối', 'thành phố', 'văn hoá', 'thể thao', 'hồ chí minh', 'nguyễn đình chiểu với', 'và', 'du lịch', 'giao thông', 'vận tải', 'đinh tiên hoàng', 'vingroup', 'nguyễn thị minh khai', 'hoa lư']"
368,"['cổ phần', 'công ty', 'online baodautu', 'thế giới', 'kế hoạch', 'doanh', 'báo', 'và', 'bộ', 'đầu tư', 'vn', 'việt nam']"
370,"['hilton', 'đà nẵng', 'savills', 'sơn trà', 'thành phố', 'thanh khê', '28%', 'cẩm lệ', 'mười ba', 'vingroup', 'việt nam']"
372,"['phát triển', 'mã ck bid', 'việt bidv', 'công ty', 'bản', 'ngân hàng', 'chứng khoán', 'việt', 'vamc', 'và', 'đầu tư', 'bidv', 'việt nam']"
373,"['công ty', 'mã ck fpt', 'cổ phần', 'fpt']"
374,['bidv']
376,"['nam á các uỷ viên', 'ban chấp hành', 'quách hùng hiệp', 'đậu minh lâm chủ tịch', 'ngân hàng', 'hiệp hội', 'thị trường', 'vbma', 'hoàng huy hà', 'phạm phú khôi', 'quỹ bảo việt', 'nguyễn thị xuân thuỷ', 'bidv', 'việt nam', 'trái phiếu']"
381,"['vĩnh phúc', 'củ chi', 'nhật bản', 'tập đoàn', 'israel', 'đồng nai', 'tam đảo', 'tỉnh', 'tphcm', 'ubnd', 'quảng ninh', 'vingroup', 'hàn quốc', 'long thành']"
384,"['vincom', 'bình châu', 'khu', 'siêu thị', 'vimart tầng', '3', 'tập đoàn', 'thành phố', 'quảng ngãi', 'tỉnh', 'trần ngọc căng', 'ubnd', 'thương mại', 'bình châu tỉnh', 'vingroup']"
388,['pnj']
389,"['khối công', 'nghệ']"
390,"['vincom', 'vinmart', 'vn', 'công ty', 'tp', 'maximark gò vấp', 'siêu thị', 'trung bộ', 'vinmart tính', 'nam bộ', 'hcm', 'an phong', '2', 'vincom mega mall', 'vingroup', 'quận', 'maximark']"
392,"['phát triển', 'ngân hàng', 'và', 'đầu tư', 'bidv', 'tmcp', 'việt nam']"
399,"['quỹ ssi ssiam', 'công ty', 'tnhh', 'quản lý', 'ssi', 'daiwa']"
400,"['trung quốc', 'asean', 'ngân hàng', 'cdb', 'bidv', 'nhà nước', 'việt nam']"
404,['stb']
405,"['nghi lộc', 'masan', 'huyện', 'tỉnh', 'nghệ an']"
406,[]
408,"['cp', 'tập đoàn', 'vingroup công ty', 'vinhomes star', 'vic', 'vingroup']"
409,"['ssi', 'hose', 'hnx']"
411,[]
413,['pnj']
415,"['mã ck fpt', 'cổ phần', 'fpt', 'công ty', 'song']"
416,"['villa', 'phú quốc', 'đà nẵng', 'villas vinpearl golf land', 'đa khoa', 'vinpearl golf club', 'vinpearl resort', 'resort', 'vinmec', 'bình định', 'bệnh viện', '&', 'việt nam', 'hạ long', 'quốc tế', 'villas', 'villas vinpearl phú quốc', 'resort vinpearl phú quốc', 'vinpearl hạ long bay', 'hội an', 'tập đoàn', 'vinpearl land', 'phú yên', 'golf vinpearl', 'nha trang', 'vingroup', 'vinpearl']"
418,"['phát triển', 'cổ phần', 'mễ trì bên', 'mễ trì tải', 'giải trí', 'công ty', 'mễ trì', 'thể thao', 'và', 'vic']"
421,[]
424,['bidv']
428,['fpt']
429,"['an giang', 'mã', 'vincom cần thơ tttm', 'vincom việt trì', 'vincom mega mall thảo', 'sông', 'đồng bằng', 'tttm', 'cửu long', 'cp', 'được', 'nguyễn chí thanh', 'vincom plaza long xuyên', 'vingroup công ty', 'điền', 'vincom', 'long xuyên', 'tập đoàn', 'tphcm', 'hà nội', 'vic', 'vincom mega mall', 'vingroup']"
430,"['masan', 'cổ phần', 'nguyễn thiều nam', 'công ty', 'masan brewery', 'tập đoàn', 'hậu giang', 'huyện', 'miền', 'tỉnh', 'nam sông hậu', 'việt nam', 'nam bộ', 'đông', 'masan brewery hg', 'châu thành', 'tây nam bộ']"
435,"['phát triển', 'hose', 'điện tử', 'elc', 'ctcp', 'đầu tư', 'ssiam', 'công nghệ']"
436,['nhu']
437,"['nhuệ', 'sài đồng sdi', 'sông', 'đô thị', '2', 'phát triển', 'vinhomes', 'đường', 'hồng ngân đây', 'đầu tư', 'cổ phần', 'the arcadia', 'công ty', 'ctcp', 'mỹ đình', 'bất động sản', 'tập đoàn', 'hà nội đây', 'vinhomes gardenia', 'hàm nghi', 'vic', 'và', 'kinh doanh', 'tnhh', 'vingroup', 'the botanica trong']"
438,[]
439,['nghiêm xuân thành mã']
440,"['phát triển', 'tây', 'ctcp', 'tây tải', 'và', 'đầu tư', 'hồ', 'bất động sản']"
441,"['yên viên', 'sài gòn', 'phòng', 'thương tín', 'long biên', 'giao dịch', 'ngân hàng', 'thành phố', 'huyện', 'hà nội', 'gia lâm', 'yên viên địa', 'tmcp']"
442,"['đông á', 'tmcp', 'ngân hàng', 'pnj']"
443,"['địa ốc', 'đông á', 'ctcp']"
445,['ubcknn']
447,"['masan consumer holdings', 'asean', 'singha', 'masan', 'masan như', 'masan consumer', 'việt nam', 'masan brewery']"
449,['ubcknn']
451,"['phát triển', 'cổ phần', 'công ty', 'ngân hàng', 'thương mại', 'và', 'đầu tư', 'tnhh', 'việt nam', 'deloitte']"
456,['fpt']
457,['fpt']
461,[]
462,[]
463,"['vinhomes', 'công ty', 'đống', 'tập đoàn', 'bất', 'ản', 'quản lý', 'tnhh', 'vingroup']"
464,"['nguyễn thị cúc', 'thái lan', 'trung quốc', 'mekong capital', 'donga bank', 'công ty', 'quản lý', 'chris freund tổng giám đốc', 'chris', 'quỹ mekong capital', 'pnj', 'lợi nhuận', 'việt nam']"
465,[]
466,['stb']
467,['bid']
468,"['fpt', 'dương dũng triều', 'bảo', 'trương gia bình chủ tịch', 'đỗ cao bảo', 'viện', 'kỹ thuật', 'is', 'triều', 'quân sự', 'bùi quang ngọc tổng giám đốc', 'việt nam']"
469,[]
470,"['vincom', 'hà tĩnh', 'tp hcm', 'vingroup phạm nhật vượng', 'vingroup ubnd', 'tập đoàn', 'thành phố', 'huyện', 'tỉnh', 'vingroup ubnd hà tĩnh', 'vincom hà tĩnh', 'hà nội', 'ubnd', 'thạch bằng', 'lộc hà', 'vingroup', 'lộc hà dự kiến']"
471,['stb']
472,"['hà nội', 'hcm', 'tp', 'fpt']"
474,"['myanmar', 'mwg', 'tài', 'nguyễn đức tài chủ tịch']"
477,"['thế giới', 'ctcp', 'di động', 'đầu tư', 'mwg']"
478,"['ttf', 'võ trường thành chủ tịch', 'vingroup', 'hàn quốc']"
482,"['nam hải phòng', 'bình phước', 'phú quốc', 'đà nẵng', 'ngân hàng', 'thành phố', 'hưng yên', 'hcm', 'nhà nước']"
483,['ubcknn']
486,"['sở giao dịch', 'phố', 'hnx', 'xã', 'hai bà trưng', 'chứng khoán', 'huyện', 'đông anh', 'hà nội', 'việt hùng', 'savina việc', 'tràng tiền', 'savina', 'vingroup']"
487,['ubcknn']
488,['fpt']
489,['ubcknn']
490,"['việt nam', 'ttlk', 'chứng khoán']"
491,"['capital tower', 'trần bình trọng', 'gòn', 'phòng', 'giao dịch', 'tower', 'trần hưng đạo tầng', 'sài', 'nguyễn chí thanh', 'khoán', 'hoàn kiếm', 'đống', 'ctcp', 'trần hưng đạo quận', 'láng thượng quận', 'chứng', 'nguyễn chí thanh phường', 'hà nội', 'tnr']"
492,"['fpt', 'daewoo', 'hà nội', 'ba đình', 'kim mã ngọc khánh', 'khách sạn']"
494,['fpt']
497,"['phương', 'fpt', 'nguyễn thế phương', 'công ty', 'bản', 'nomura nhật bản', 'tập đoàn', 'chứng khoán', 'trương gia bình chủ tịch', 'việt', 'việt nam', 'báo', 'trading', 'đầu tư', 'bùi quang ngọc tổng giám đốc', 'shop thông']"
498,[]
499,"['ctcp', 'pnj', 'địa ốc', 'đông á bank', 'đông á theo']"
500,"['phương', 'fpt', 'trading hiện', 'nguyễn thế phương', 'trương gia bình', 'trading', 'retail']"
501,"['công ty', 'nội trong', 'savina', 'thành phố', 'kết', 'ctcp', 'hà', 'mvt', 'tnhh', 'việt nam', 'sách']"
502,[]
503,"['đường', 'thế giới', 'tp', 'nguyễn kiệm', 'hcm', 'di động', 'tân bình']"
504,"['bidv', 'vnpt']"
505,"['thu', 'myanmar', 'liên bang', 'đài loan', 'nga', 'forbes', 'nhnn', 'bidv', 'mhb']"
506,['fpt']
508,['fpt']
509,[]
510,"['phát triển', 'myanmar', 'ngân hàng', 'yangon chi', 'nhnn', 'và', 'đầu tư', 'bidv', 'tmcp', 'nhà nước', 'việt nam']"
511,"['nguyễn thị cúc', 'andy ho', 'cúc', 'chris freund tổng giám đốc', 'lê quang phúc', 'thái lan', 'quỹ mekong capital', 'quản lý', 'lê hữu hạnh', 'việt nam', 'phan quốc công', 'trung quốc', 'donga bank', 'dung', 'công ty', 'đông á', 'chris', 'ngân hàng', 'phạm văn tân', 'pnj', 'cao thị ngọc dung']"
512,"['fpt', 'nguyễn thế phương', 'tập đoàn', 'trương gia bình chủ tịch', 'báo', 'đầu tư', 'bình']"
513,"['thành lập', 'bình hưng thành', 'lào cai', 'kỳ anh', 'gia lâm', 'phan trọng tuệ', 'xá thành', 'n5', 'hoài đức', 'đường', 'hà tĩnh', 'thị trấn', 'huỳnh tấn phát', 'văn điển thành', 'thành', 'la phù', 'phạm hùng', 'bình hưng', 'nam', 'hoà đức', 'nhà bè', 'huyện', 'xã', 'thanh trì', 'lô', 'đặng xá', 'hoà xá', 'mỹ', 'kcn', 'thành phố', 'tỉnh', 'hà nội', 'sa pa']"
518,['ubcknn']
520,['ubcknn']
521,['ubcknn']
522,[]
523,"['phát triển', 'ngân hàng', 'hà nội', 'và', 'đầu tư', 'bidv', 'việt nam', 'mhb']"
525,"['cổ phần', 'công ty', 'đá quý', 'ngân hàng', 'đông á donga bank', 'vàng bạc', 'pnj', 'phú nhuận']"
526,"['sài gòn', 'hưng', 'tp', 'dragon capital', 'chứng khoán', 'ctcp', 'hcm', 'ssi']"
527,"['hose', 'hà nội', 'ssi', 'vn', 'ssiam', 'nguyễn duy hưng chủ tịch', 'index']"
529,"['dung quất ngọc khánh', 'bắc hà', 'lào cai', 'hậu duyên hải cửu', 'vị thanh', 'sông', 'hiệp phú sài gòn', 'tmcp', 'nhà nước', 'phát triển', 'sài gòn', 'dương đông rạch giá', 'châu đốc', 'đầu tư', 'cát lái sài gòn', 'việt nam', 'bình thạnh', 'minh hải cao lãnh', 'ngân hàng', 'bình điền sài gòn', 'và', 'châu thành', 'đồng đăng bắc hà']"
532,['stb']
534,"['bidv', 'nhnn']"
535,"['nhật bản', 'fpt']"
536,"['phạm thị mỹ hạnh', 'nhu', 'pnj']"
537,['fpt']
539,"['nhà nước', 'ngân hàng']"
540,"['tài', 'samsung', 'apple', 'nguyễn kim', 'tp', 'a', 'cà mau', 'bob', 'móng cái', 'hcm', 'nguyễn đức tài', 'bob willett', 'việt nam', 'htc']"
541,"['tài chính', 'việc', 'bộ', 'bidv', 'việt nam']"
542,"['cửu long', 'sông', 'bidv', 'tây nguyên', 'đồng bằng']"
543,"['chính', 'tỷ', 'nhà nước', 'bộ', 'nhnn', 'việt nam', 'nam', 'nợ', 'bộ', 'bidv', 'việt', 'tài', 'ro', 'tài chính', 'thế giới', 'ngân hàng', 'wb', 'việc', 'cụ']"
544,"['phát triển', 's', 'đầu tư', 'ngân hàng', 'vamc', 'và', 'moody', 'bidv', '’', 'nhà nước', 'việt nam']"
545,"['phát triển', 's', 'đầu tư', 'ngân hàng', 'vamc', 'và', 'moody', 'bidv', '’', 'nhà nước', 'việt nam']"
546,"['fpt', 'nhật']"
547,['pnj']
548,"['mũi tấn', 'nhơn hải', 'cổ phần', 'khu', 'công ty', 'quy nhon jsc', 'tập đoàn', 'vinpearl quy nhơn vinpearl', 'nhơn hạng', 'bình định', 'tỉnh', 'tp quy', 'ubnd', 'du lịch', 'bán đảo', 'vingroup', 'vingruop', 'vinpearl']"
550,"['nguyễn đăng quang chủ tịch', 'nông nghiệp', 'singha tuy', 'anco', 'kỹ nghệ', 'masan nutri science mns', 'uniben masan consumer', 'thái lan', 'mns', 'masan consumer theo', 'súc sản', 'msn', 'vissan', 'người', 'việt nam', 'mtv', 'công ty', 'quang', 'ctcp', 'kido kdc', 'quốc tế', 'thái', 'dinh dưỡng', 'uniben', 'tập đoàn', 'masan consumer', 'phạm phú ngọc trai', 'tnhh']"
551,"['vingroup', 'tập đoàn', 'vingroup mã ck vic']"
552,"['hose', 'hnx']"
553,"['hose', 'hnx']"
554,['fpt']
555,"['thế giới', 'ctcp', 'di động', 'đầu tư', 'mwg']"
556,"['napas', 'cổ phần', 'fpt', 'myanmar', 'phạm minh tuấn tổng giám đốc', 'công ty', 'thanh toán', 'tập đoàn', 'quốc gia', 'is', 'việt nam']"
557,"['cổ phần', 'tài', 'công ty', 'tp', 'thế giới', 'hcm', 'đầu tư', 'nguyễn đức tài chủ tịch']"
558,"['vincom hương trà', 'huế vingroup', 'thương mại', 'phường', 'tứ hạ', 'trung tâm', 'đường', 'cách mạng tháng tám', 'vincom retail miền bắc', 'thị xã', 'công ty', 'vincom hùng vương', 'hoàng trung', 'hương trà', 'vingroup dự', 'tập đoàn', 'tỉnh', 'ubnd', 'thừa thiên huế', 'tnhh']"
559,"['nhật', 'fpt']"
560,"['trung quốc', 'nhật bản', 'fpt', 'ấn độ', 'hà nội', 'hồ chí minh', 'vnpt', 'việt nam']"
561,"['nguyễn diệu linh', 'ông', 'linh', 'dương thị mai hoa', 'thuỷ', 'dương thị hoàn', 'tập đoàn', 'đặng thanh thuỷ trong', 'hoàn', 'phạm văn khương', 'mai hương nội', 'vic', 'vũ tuyết hằng', 'nguyễn thị diệu', 'hằng']"
562,"['brand finance anh', 'việt nam', 'fpt', 'brand finance']"
563,"['trần bắc hà chi', 'sở', 'khách sạn', 'grand plaza', 'bắc hà', 'trần anh tuấn', 'kế hoạch', 'thành phố', 'hà nội', 'hà', 'và', 'đầu tư', 'bidv', 'trần bắc hà', 'trần anh tuấn uỷ viên', 'trần duy hưng']"
564,"['nguyễn thị cúc', 'pnj']"
565,"['sài gòn', 'hose', 'hnx', 'mã', 'ngân hàng', 'chứng khoán', 'ctcp', 'đầu tư', 'ssi']"
566,['fpt']
567,"['masan', 'nguyễn đăng quang chủ tịch', 'núi', 'uỷ ban nhân dân', 'nguyễn xuân đường', 'tập đoàn', 'hạ sơn', 'huyện', 'an', 'tỉnh', 'quỳ hợp', 'xã', 'nghệ an']"
568,"['công thương', 'liên đoàn', 'lđ', '–', 'tn', 'bộ', 'pnj', 'ubcknn', 'tbxh', 'việt nam', 'lao động']"
569,['mwg']
570,"['nhật bản', 'fpt']"
571,"['fortress', 'masan', 'ltd', 'nguyễn', 'tập đoàn', 'quang', 'đầu tư', 'mrc', 'michael']"
572,"['công ty', 'chứng khoán', 'nguyễn đức hùng linh', 'vic', 'bizlive', 'việt nam', 'ssi']"
573,['pnj']
575,"['phát triển', 'ngân hàng', 'agribank', 'bidv', 'bid', 'tmcp', 'việt nam']"
576,"['y tế', 'tuổi trẻ', 'bộ']"
577,"['uỷ ban', 'nhà nước', 'chứng khoán', 'pnj']"
578,"['hose', 'cổ phần', 'hnx', 'pan', 'công ty', 'khử trùng', 'tập đoàn', 'vn', 'index', 'việt nam']"
579,"['asean', 'mỹ', 'bidv', 'brand finance', 'việt nam']"
580,"['phát triển', 'ngân hàng', 'và', 'đầu tư', 'bidv', 'tmcp', 'việt nam']"
581,"['uỷ ban', 'nhà nước', 'chứng khoán', 'pnj']"
582,"['bảo việt bvsc', 'bank', 'hoàn cầu', 'tphcm', 'vamc', 'huỳnh thị huyền như', 'ctg']"
583,"['bảo việt bvsc', 'bank', 'hoàn cầu', 'tphcm', 'vamc', 'huỳnh thị huyền như', 'ctg']"
584,['fpt']
585,"['mwg', 'xanh', 'bách hoá']"
586,['fpt']
587,"['thế giới', 'siêu thị', 'ctcp', 'di động', 'đầu tư', 'mwg']"
588,"['tập đoàn', 'fpt', 'bùi quang ngọc']"
589,"['nguyễn thị cúc', 'lê trí thông', 'cổ phần', 'công ty', 'đá quý', 'phạm vũ thanh giang', 'phú nhuận', 'nguyễn vũ phan', 'pnj', 'lê trí thông trong', 'cao thị ngọc dung', 'vàng bạc']"
590,"['nguyễn thị cúc', 'lê trí thông', 'cổ phần', 'công ty', 'đá quý', 'phạm vũ thanh giang', 'phú nhuận', 'nguyễn vũ phan', 'pnj', 'lê trí thông trong', 'cao thị ngọc dung', 'vàng bạc']"
591,['fpt']
592,"['gdck', 'hà nội', 'việt nam', 'sở']"
593,"['gdck', 'hà nội', 'việt nam', 'sở']"
594,"['gdck', 'hà nội', 'việt nam', 'sở']"
595,"['vàng bạc', 'hose pnj', 'cp', 'việt nam vinamilk', 'vnm', 'mai kiều liên tgđ', 'dung', 'đá quý', 'quỳnh', 'liên', 'bình tĩnh', 'phú nhuận', 'cty', 'nguyễn tấn quỳnh', 'vinamilk', 'sữa', 'scic', 'pnj', 'cao thị ngọc dung']"
596,"['vàng bạc', 'hose pnj', 'cp', 'việt nam vinamilk', 'vnm', 'mai kiều liên tgđ', 'dung', 'đá quý', 'quỳnh', 'liên', 'bình tĩnh', 'phú nhuận', 'cty', 'nguyễn tấn quỳnh', 'vinamilk', 'sữa', 'scic', 'pnj', 'cao thị ngọc dung']"
597,['di động']
598,"['hose', 'artex', 'vcsc']"
599,['pnj']
600,"['mwg', 'di động']"
601,['fpt']
602,"['fpt', 'công ty', 'ctcp', 'retail', 'trading', 'kỹ thuật số', 'tnhh', 'phần mềm', 'bán lẻ']"
603,"['sở giao dịch', 'fpt', 'thành phố', 'chứng khoán', 'hồ chí minh', 'retail']"
604,"['tài', 'thế giới', 'bắc', 'hà nội', 'di động', 'hđqt', 'miền']"
605,['vinamilk']
606,"['thế giới', 'trần anh tag', 'ctcp', 'vsd', 'di động', 'số']"
607,"['sở giao dịch', 'cổ phần', 'fpt', 'công ty', 'tập đoàn', 'chứng khoán', 'tphcm', 'thương mại', 'synnex', 'kỹ thuật số', 'tnhh', 'bán lẻ', 'synnex theo']"
608,"['sở giao dịch', 'tp', 'tcbs', 'chứng khoán', 'hcm', 'việt nam']"
609,"['hose', 'việt nam', 'bộ', 'tài chính']"
610,"['masan', 'masan công ty', 'việt nam']"
611,['hose']
612,"['trần anh', 'linh', 'tgdđ', 'doanh', 'trung', 'số', 'đầu tư', 'miền', 'việt nam', 'cổ phần', 'công ty', 'bắc', 'võ hà trung tín', 'nguyễn đức tài', 'trần thanh tùng', 'trần anh hai', 'vũ đăng linh ông', 'thế giới', 'hà nội', 'di động', 'xanh ông tín', 'trần kinh doanh tổng giám đốc']"
613,"['trần anh', 'công nghệ thông tin', 'hcm', '9', 'đầu tư', 'bắc mỹ đến', 'mtv', 'cổ phần', 'amazon', 'công ty', 'aws', 'nguyễn đức tài', 'nguyến đức tài', 'fpt', 'tp', 'thế giới', 'p', 'cty', 'di động', 'web services aws', 'hđqt', 'tnhh', 'mwg', 'quận', 'tân phú']"
614,['pnj']
615,['hnx']
616,[]
617,"['trầm trọng', 'trầm bê', 'minh', 'phương nam', 'ngân hàng', 'xuất nhập khẩu', 'stb', 'tmcp', 'việt nam']"
618,"['stu', 'pnj']"
619,"['shb', 'hai bà trưng', '191', 'habubank', 'a', 'habubank bắc ninh', 'dương giá', 'việt nam', 'tứ minh hải dương', 'tháp', 'bidv', 'quảng ninh', 'habubank trong', 'vincom', 'thành đô', 'kenmark', 'hà nội', 'kenmark đài loan', 'quận']"
620,['fpt']
621,"['đỗ cao bảo', 'bảo', 'fpt']"
622,"['cổ phần', 'trần anh', 'công ty', 'thế giới', 'trần kinh doanh thành viên', 'phúc an khang', 'tp', 'hsc', 'doanh', 'hồ chí minh', 'di động', 'phúc an khang trước', 'ndh', 'đầu tư', 'mã mwg']"
623,"['retail', 'trading', 'tập đoàn', 'fpt']"
624,"['nhật bản', 'trần anh', 'trần xuân kiên chủ tịch', 'trần kinh doanh', 'trần anh mã tag', 'nojima', 'mã mwg', 'nguyễn đức tài chủ tịch', 'đỗ thị thu hường', 'số', 'bán lẻ', 'trần anh mới', 'đầu tư', 'đặng minh lượm', 'cổ phần', 'công ty', 'ctcp', 'võ hà trung tín', 'nguyễn đức tài', 'an khang', 'thế giới', 'trần huy thanh tùng', 'di động', 'mwg']"
625,"['t&t', 'đường', 'vành đai', 'công ty', 'tp', 'cp', '4', 'tập đoàn', 'hà nội', 'ubnd', 'hoà lạc', 'vingroup']"
626,"['mwg', 'cổ phần', 'trần anh', 'công ty', 'thế giới', 'trần xuân kiên chủ tịch', 'kiên', 'di động', 'trần anh mã tag', 'đỗ thị thu hương', 'đầu tư', 'nojima', 'mã mwg', 'số']"
627,"['stb', 'nhà nước', 'ngân hàng']"
628,"['luỹ', 'hose', 'pnj']"
629,"['công ty', 'sài gòn', 'cổ phần', 'chứng khoán']"
630,"['trần anh', 'trần anh mã tag', 'hcm', 'trung', 'số', 'điện máy', 'đầu tư', 'miền', 'việt nam', 'cổ phần', 'công ty', 'phúc an khang', 'xanh', 'bắc', 'nợ', 'thế giới', 'tp', 'siêu thị', 'di động', 'tnhh']"
631,"['hose', 'vsd']"
632,"['sài gòn', 'cổ phần', 'công ty', 'chứng khoán', 'tphcm', 'hose ssi', '1', 'quận']"
633,"['phát triển', 'nhà nước', 'hana', 'tài chính', 'vương đình huệ', 'tập đoàn', 'ngân hàng', 'kim jung tai', 'vương đình huệ tại', 'hana bank', 'và', 'đầu tư', 'bidv', 'bid', 'tmcp', 'hàn quốc', 'việt nam']"
634,"['công ty', 'hose fpt', 'cổ phần', 'fpt']"
635,"['mekong capital', 'mỹ', 'cổ phần', 'chris freund', 'công ty', 'tp', 'thế giới', 'đến', 'hcm', 'di động', 'mã ck mwg', 'đầu tư', 'hđqt', 'nguyễn đức tài chủ tịch']"
636,"['hose', 'sài gòn', 'cổ phần', 'công ty', 'chứng khoán', 'vcsc', 'ssi']"
638,['ocb']
639,"['fortune', 'fpt']"
640,"['hàng đầu', 'fpt', 'fortune', 'tập đoàn', 'bùi quang ngọc', 'trương gia bình', 'khối', 'trading', 'bởi thế', 'retail', 'công nghệ', 'cola', 'việt nam', 'starhub ge airbus coca']"
641,"['phát triển', 'công ty', 'đầu tư', 'dịch vụ', 'tập đoàn', 'hoa lâm', 'nhất khang', 'đũi', 'ctcp', 'nhnn', 'vietbank', 'thương mại', 'bất động sản', 'tnhh', 'chợ', 'dương ngọc hoà chủ tịch']"
642,"['phát triển', 'ngân hàng', 'nhnn', 'và', 'đầu tư', 'bidv', 'tmcp', 'việt nam']"
643,"['fpt', 'synnex fpt', 'tập đoàn', 'retail', 'rwe']"
644,"['sài gòn', 'cổ phần', 'ck', 'công ty', 'mã', 'chứng khoán', 'ssi']"
645,['fpt']
646,"['trần anh tuấn', 'trần anh tuấn trước', 'nhnn', 'bidv', 'bùi quang tiên']"
647,"['thuận thảo', 'bình chánh', 'bid', 'bùi thị xuân phường', 'phường', 'tmcp', 'võ thị thanh giá', 'phát triển', 'đường', 'tân túc', 'bùi thị xuân', 'thị trấn', 'cp', 'đầu tư', 'việt nam', 'cổ phần', 'võ thị thanh', 'công ty', 'huyện', 'bộ', 'bidv', 'nam sài gòn địa', 'bến thành', 'tuy hoà', 'nam sài gòn', 'phú yên', 'ngân hàng', 'tư pháp', 'và', '1', 'thanh', 'quận']"
648,[]
649,"['cổ phần', 'ck', 'điện máy', 'công ty', 'thế giới', 'mã', 'tp', 'trần anh', 'xanh', 'chứng khoán', 'bản', 'việt', 'di động', 'hcm', 'nguyễn đức tài', 'xanh công ty', 'mwg']"
650,"['retail', 'synnex fpt', 'fpt', 'ctcp']"
651,"['tài', 'mã', 'nielsen', 'chứng khoán', 'gfk', 'hcm', 'xanh công ty', 'nguyễn đức tài chủ tịch', 'điện máy', 'nguồn', 'việt nam', 'cổ phần', 'công ty', 'xanh', 'việt', 'ck', 'thế giới', 'tp', 'cty', 'bản', 'di động', 'mwg', 'bách hoá']"
652,"['nhà nước', 'masan', 'msn', 'chứng khoán', 'uỷ ban', 'masan group']"
653,['pnj']
654,"['nguyễn việt quang', 'công ty', 'tập đoàn', 'vsmart', 'người', 'vinsmart', 'hải phòng', 'nhà máy', 'vingroup', 'việt nam', 'cát hải']"
656,"['nguyễn việt quang', 'bình dương', 'bắc ninh', 'quang', 'đồng nai', 'việt nam', 'vingroup', 'happy town']"
657,"['hose', 'sở giao dịch', 'cổ phần', 'công ty', 'tp', 'chứng khoán', 'hcm', 'ndh', 'ssi', 'vn', 'index', 'việt nam', 'vndirect']"
658,"['hnx', 'ngoại thương', 'chứng khoán', 'hsc', 'tmcp', 'vndirect', 'sài gòn', 'sở', 'việt vcsc', 'việt nam', 'gdck', 'cổ phần', 'công ty', 'vpbs', 'upcom vndirect', 'hồ chí minh', 'ssi', 'shs', 'vnds', 'bản', 'thành phố', 'ngân hàng', 'hà nội']"
659,"['ssi', 'hose']"
660,[]
661,"['tài', 'trần anh', 'điện máy', 'thế giới', 'kiên', 'trần xuân kiên', 'xanh', 'adayroi', 'ctcp', 'di động', 'nguyễn đức tài đáp', 'lazada tiki shopee', 'việt nam', 'số']"
662,"['đông á bank pnj', 'cổ phần', 'công ty', 'đá quý', 'dung', 'vàng bạc', 'pnj', 'phú nhuận']"
663,"['sài gòn', 'hiệp', 'landmark', 'lê khắc hiệp', 'việt nam', 'sông', 'vingroup', 'tân cảng']"
664,"['phát triển', 'ngân hàng', 'nhnn', 'và', 'đầu tư', 'bidv', 'tmcp', 'việt nam']"
665,"['retail', 'synnex fpt', 'fpt']"
666,"['trung quốc', 'tài', 'người', 'tài mwg', 'việt nam']"
667,"['phát triển', 'công thương', 'nông nghiệp', 'ngân hàng', 'ngoại thương', 'và', 'nông thôn', 'đầu tư', 'bidv', 'bid', 'tmcp', 'việt nam']"
668,"['vinhomes vhm', 'ftse', 'vietnam etf', 'gelex gex', 'vietnam swap ucits etf', 'mvis', 'deutsche bank', 'việt nam', 'vietnam index']"
669,"['vinhomes vhm', 'ftse', 'vietnam etf', 'gelex gex', 'vietnam swap ucits etf', 'mvis', 'deutsche bank', 'việt nam', 'vietnam index']"
670,"['masan', 'tài chính', 'công ty', 'bản', 'đại lý', 'chứng khoán', 'vsd', 'ctcp', 'việt', 'vcsc', 'việt nam', 'bộ', 'đối tượng', 'uỷ ban', 'nhà nước', 'trường hợp']"
671,"['retail', 'synnex fpt', 'fpt']"
672,"['phát triển', 'asia risk', 'ngân hàng', 'và', 'đầu tư', 'bidv', 'tmcp', 'việt nam']"
673,"['hose', 'sài gòn', 'hnx', 'chứng khoán', 'ctcp', 'ssi']"
674,"['bình tân', 'cổ phần', 'tài', '12', 'tân phú', 'công ty', 'thế giới', 'tp', 'chưa thể', 'doanh', 'hcm', 'hóc môn', 'quận', 'mwg', 'nguyễn đức tài chủ tịch', 'trần kinh doanh tổng giám đốc']"
675,"['luỹ', 'việt nam', 'hnx']"
676,"['tập đoàn', 'vingroup hose vic', 'ctcp', 'vic', 'cần giờ']"
677,"['tuấn', 'trần anh tuấn', 'bidv', 'trần bắc hà', 'bùi quang tiên']"
678,[]
679,"['trung quốc', 'mỹ', 'thế giới', 's', 'trump', 'pyn eilte fund', 'pyn eilte fund mwg', 'di động', ""'"", 'pyn elite fund', 'moody', 'vn', 'index', 'việt nam']"
680,"['trung quốc', 'mỹ', 'thế giới', 's', 'trump', 'pyn eilte fund', 'pyn eilte fund mwg', 'di động', ""'"", 'pyn elite fund', 'moody', 'vn', 'index', 'việt nam']"
681,"['retail', 'hose fpt', 'synnex fpt', 'fpt']"
682,"['bùi quang tiên', 'tmcp', 'nhà nước', 'phát triển', 'keb', 'đầu tư', 'việt nam', 'phan đức tú', 'hana bank', 'bidv', 'quỳnh lưu', 'trần bắc hà', 'nghệ an', 'hàn quốc', 'tuấn', 'tú', 'trần anh tuấn', 'ngân hàng', 'và']"
683,"['bidv', 'trần bắc hà', 'phan đức tú thành viên', 'hàn quốc']"
684,"['thế giới', 'xanh', 'ctcp', 'di động', 'thương mại', 'đầu tư', 'bách hoá']"
685,"['trần bắc hà ông', 'tmcp', 'nhà nước', 'đồng bằng', 'phát triển', 'sở', 'sông cửu long', 'nhà', 'đầu tư', 'việt nam', 'hana', 'kế hoạch', 'phan đức tú', 'bidv', 'trần bắc hà', 'hàn quốc', 'mhb', 'tú', 'ngân hàng', 'hà nội', 'và']"
686,"['hose fpt', 'cổ phần', 'fpt', 'công ty', 'lê song lai thành viên', 'scic', 'sic', 'một', 'đầu tư', 'thành viên', 'tnhh']"
687,"['lê ngọc lâm', 'adb', 'michael barrow', 'bidv', 'phan đức tú chủ tịch', 'việt nam']"
688,"['phát triển', 'ngân hàng', 'hana bank', 'và', 'đầu tư', 'bidv', 'tmcp', 'hàn quốc', 'việt nam']"
689,"['sài gòn', 'công ty', 'tp', 'hưng', 'vũng tàu', 'chứng khoán', 'hải phòng', 'nguyễn duy hưng', 'hcm', 'nha trang', 'ssi', 'việt nam']"
690,"['hưng', 'nguyễn hồng nam thành viên', 'nguyễn duy hưng chủ tịch', 'ssi']"
691,"['nhà nước', 'tú', 'basel', 'ngân hàng']"
692,"['phát triển', 'lê minh hưng', 'adb', 'ngân hàng', 'hose bid', 'châu á', 'nhnn', 'và', 'đầu tư', 'bidv', 'tmcp', 'hàn quốc', 'việt nam']"
693,[]
694,"['luỹ', 'pnj']"
695,"['kiên', 'tập đoàn', 'vietbank', 'lan', 'vietbank bầu kiên', 'hoa lâm', 'vietbank ngoài']"
696,['vietbank']
697,"['châu âu', 'mỹ', 'fpt', 'synnex fpt', 'nhật', 'retail']"
698,['mwg']
699,"['nguyễn văn khoa', 'mỹ', 'fpt', 'bùi quang ngọc']"
700,"['hose', 'hnx', 'nguyễn vũ thuỳ hương', 'ngân hàng', 'chứng khoán', 'ctcp', 'quốc đây', 'hong kong', 'đài loan', 'sinopac', 'ssi', 'việt nam', 'sinopac đài loan trung']"
701,"['tài', 'retail asia', 'châu á', 'nguyễn đức tài', 'việt nam', 'thái bình dương']"
702,"['trung quốc', 'mỹ', 'ssi', 'vn', 'index']"
703,['fpt']
704,"['vcbs', 'hose', 'sở giao dịch', 'tp', 'bản', 'ngân hàng', 'chứng khoán', 'ngoại thương', 'việt vcsc', 'hcm', 'ssi', 'tmcp', 'việt nam']"
705,"['chin', 'masan', 'masan consumer', 'hàng tiêu dùng', 'ctcp', 'masan group con', 'masan masan consumer mch', 'masan group']"
706,"['mỹ', 'nhật bản', 'fpt', 'khối viễn', 'khối doanh']"
707,[]
708,[]
709,"['phát triển', 'lê ngọc lâm', 'ngân hàng', 'phan đức tú chủ tịch', 'hose bid', 'và', 'đầu tư', 'bidv', 'hđqt', 'tmcp', 'việt nam']"
710,"['công ty', 'đà nẵng', 'dịch vụ', 'tp', 'tập đoàn', 'cần thơ', 'vinbus', 'siemens', 'hải phòng', 'đức', 'hcm', 'vinfast', 'vận tải', 'tnhh', 'vingroup', 'việt nam']"
712,"['lưu', 'cổ phần', 'fpt', 'công ty', 'vsd']"
713,"['vintech', 'mỹ', 'lê thị thu thuỷ', 'thuỷ', 'tập đoàn', 'quốc gia', 'viện', 'vinsmart', 'việt nam', 'google', 'vinfast', 'trương quốc hùng', 'vingroup chủ tịch', 'vingroup', 'diễn đàn', 'vinbrain']"
714,"['nam trung bộ', 'fpt', 'trí tuệ', 'việt', 'bình định']"
715,"['vingroup', 'tập đoàn', 'l', 'vingroup hose vic']"
716,"['fpt', 'ctcp']"
717,"['cổ phần', 'trần anh', 'công ty', 'thế giới', 'trần kinh doanh', 'ctcp', 'doanh', 'di động', 'nguyễn đức tài', 'đầu tư', 'trần kinh doanh tổng giám đốc']"
718,"['gdck', 'sở', 'tp', 'hcm', 'pnj', 'dragon capital']"
719,"['hose', 'châu âu', 'hoà phát hpg', 'fpt', 'thông', 'tập đoàn', 'nguyễn duy linh', 'mbb', 'nguyễn đức thông', 'ubcknn', 'việt nam']"
720,"['nguyễn việt quang', 'châu âu', 'mỹ', 'nhật bản', 'đình vũ hải phòng', 'vinsmart khu', 'quang', 'hà nội', 'vinsmart', 'qualcomm mỹ', 'nhà máy', 'vingroup']"
721,"['bản', 'đá quý', 'ctcp', 'vcsc', 'ctck', 'việt vcsc', 'phú nhuận', 'pnj', 'dragon capital', 'vàng bạc']"
722,"['tập đoàn', 'fpt']"
723,"['phát triển', 'cổ phần', 'công ty', 'bsc', 'ngân hàng', 'chứng khoán', 'nguyễn thanh tuấn trưởng phòng', 'và', 'đầu tư', 'ssi', 'việt nam', 'vndirect']"
724,"['nguyễn việt quang', 'fitch', 's', 'p', 'phạm nhật vượng', ""'"", 'moody', '&', 'vingroup']"
725,"['gdck', 'sở', 'tp', 'tcbs', 'hcm', 'acbs']"
726,"['mỹ', 'fpt', 'ctcp']"
728,"['phát triển', 'ngân hàng', 'và', 'đầu tư', 'bidv', 'việt nam']"
729,"['nông nghiệp', 'hnx', 'chứng khoán', 'vea', 'vn30', 'phát triển', 'upcom', 'cp', 'f1', 'đầu tư', 'việt nam', 'sản xuất', 'công ty', 'vineco', 'index', 'yuanta vic', 'hvn', 'tập đoàn', 'hà nội', 'upcom index', 'vingroup', 'vn', 'tnhh', 'vdsc']"
730,"['mỹ', 'tập đoàn', 'fpt']"
731,"['bidv', 'nợ']"
732,"['vingroup hosevic', 'nông nghiệp', 'du lịch', 'vineco sagri', 'phát triển', 'phú gia vingroup', 'people care vingroup', 'vinpearl air', 'cổ phần', 'vinpearl travel', 'vinpearl air vingroup', 'phạm khắc phương', 'công ty', 'vinasia', 'ctcp', 'bất động sản', 'hoàng quốc thuỷ', 'hàng không', 'tập đoàn', 'kinh doanh', 'tnhh', 'vingroup']"
733,['fpt']
734,"['phát triển', 'basel', 'ngân hàng', 'basel iii bidv', 'hana bank', 'và', 'đầu tư', 'bidv', 'kis', 'tmcp', 'việt nam']"
735,"['cổ phần', 'công ty', 'thế giới', 'di động', 'đầu tư']"
736,"['phát triển', 'sài đồng upcom sdi', 'cổ phần', 'công ty', 'tập đoàn', 'sdi', 'vingroup hose vic', 'ctcp', 'vinhomes gardenia', 'hà nội', 'đô thị', 'và', 'đầu tư', 'vingroup']"
737,"['phát triển', 'sài đồng upcom sdi', 'cổ phần', 'công ty', 'tập đoàn', 'sdi', 'vingroup hose vic', 'ctcp', 'vinhomes gardenia', 'hà nội', 'đô thị', 'và', 'đầu tư', 'vingroup']"
738,"['masan', 'cổ phần', 'công ty', 'tập đoàn', 'tcbs', 'chứng khoán', 'thương', 'kỹ']"
739,"['châu âu', 'fpt', 'khối viễn', 'đức', 'group', 'dpd', 'rwe']"
740,"['nguyễn việt quang', 'standard', 'fitch', 's', 'p', 'tập đoàn', 'vingroup hose vic', 'người', 'việt', 'fitch ratings', 'đông nam á', '’', '&', 'vingroup', 'việt nam', 'poor']"
741,"['hãng', 'standard', 'vingroup tổ', 'fadil', 's', 'p', 'lạch huyện cát hải', 'tập đoàn', 'vingroup hose vic', 'hải phòng', 'đức', 'vinfast', '’', '&', 'vingroup', 'poor']"
742,"['hãng', 'standard', 'vingroup tổ', 'fadil', 's', 'p', 'lạch huyện cát hải', 'tập đoàn', 'vingroup hose vic', 'hải phòng', 'đức', 'vinfast', '’', '&', 'vingroup', 'poor']"
743,"['mb', 'mbs', 'fpt', 'chứng khoán', 'ctcp', 'ssi']"
744,"['hose pnj', 'công ty', 'đá quý', 'vàng bạc', 'watch công ty', 'pnj', 'phú nhuận']"
745,"['vcsc', 'tmcp', 'phát triển', 'basel', 'vamc', 'nhnn', 'đầu tư', 'việt nam', 'ii chia', 'hose bid', 'hana bank', 'nợ', 'bộ', 'bidv', 'kis', 'ii riêng', 'tài chính', 'ngân hàng', 'và', 'ii']"
748,"['vingroup', 'vinpearl', 'vinpearl land', 'vingroup hose vic']"
749,"['vingroup', 'vinpearl', 'vinpearl land', 'vingroup hose vic']"
750,"['khải', '7', 'lò gốm phường', 'nguyễn lương bằng', 'hcm', 'nguyễn văn tư bất', 'thương mại', 'phường', 'phú mỹ', 'đường', 'pvit', 'dầu khí', 'phú mỹ hưng', 'đầu tư', '&', '8', '6', 'ctcp', 'đức', 'bidv', 'nghệ an', 'tp', '1', 'quận']"
751,"['tuần', 'fpt']"
752,"['hose pnj', 'watch', 'công ty', 'đá quý', 'vàng bạc', 'pnj', 'phú nhuận']"
753,"['nguyễn việt quang', 'u23', 'vff', 'liên đoàn', 'lê khánh hải thứ', 'tập đoàn', 'quốc gia', 'bóng đá', 'pvf', 'đội tuyển', 'vingroup', 'việt nam']"
754,"['7', 'thuận thảo', 'nguyễn lương bằng', 'bình chánh', 'hcm', 'phường', 'phú mỹ', 'đường', 'tân túc', 'bùi thị xuân', 'thị trấn', 'huế', 'võ thị thanh', 'ctcp', 'huyện', 'hose bid', 'bidv', 'bến thành', 'nam sài gòn', 'tp', 'phú yên', '1', 'quận']"
755,"['rồng việt vdsc', 'đá quý', 'ctcp', 'diamond', 'phú nhuận', 'pnj', 'vn', 'vàng bạc']"
756,"['rồng việt vdsc', 'car', 'basel', 'ngân hàng', 'bid', 'bidv', '2', 'khb', 'vdsc', 'hàn quốc']"
757,"['keb hana', 'bid', 'tmcp', 'nhà nước', 'phát triển', 'đầu tư', 'phan đức tú chủ tịch', 'hana group ngân', 'việt nam', 'hàng', 'hana', 'phan đức tú', 'keb hana bank', 'bidv', 'hàn quốc', 'tài chính', 'tập đoàn', 'ngân hàng', 'và', 'hana ngân']"
758,"['lê trí thông', 'hose pnj', 'robert', 'đá quý', 'ctcp', 'phú nhuận', 'pnj', 'thông', 'robert alan willett', 'cao thị ngọc dung', 'vàng bạc']"
759,"['phân tích', 'research', 'chứng khoán', 'ctcp', 'hose ssi ssi research', 'llc', 'vamc', 'hose bid điểm', 'bidv', 'ssi', 'trung tâm']"
760,"['phân tích', 'research', 'chứng khoán', 'ctcp', 'hose ssi ssi research', 'llc', 'vamc', 'hose bid điểm', 'bidv', 'ssi', 'trung tâm']"
761,"['công ty', 'lạch huyện cát hải', 'tập đoàn', 'vingroup hose vic', 'hải phòng', 'đức', 'vinfast', 'fastgo', 'vingroup', 'việt nam']"
762,"['công ty', 'lạch huyện cát hải', 'tập đoàn', 'vingroup hose vic', 'hải phòng', 'đức', 'vinfast', 'fastgo', 'vingroup', 'việt nam']"
763,"['rồng việt vdsc', 'hose pnj', 'watch', 'công ty', 'đá quý', 'gold', 'vàng bạc', 'diamond', 'pnj', 'vn', 'silver', 'phú nhuận']"
764,"['nam trung bộ', 'thế giới', 'hose mwg', 'nam', 'tp', 'ctcp', 'di động', 'hcm', 'đầu tư', 'trung', 'miền']"
765,"['hana bank ngoài', 'tài chính', 'hana', 'keb', 'đỗ ngọc quỳnh giám', 'tập đoàn', 'basel', 'hana bank', 'bidv', 'phan đức tú chủ tịch', 'việt nam']"
766,"['bảo việt bvsc', 'chứng khoán', 'hcm', 'trung', 'tmcp', 'phát triển', 'watch', 'nhnn', 'đầu tư', 'ctbc', 'việt nam', 'miền', 'trung quốc', 'công thương', 'công ty', 'bắc', 'nguyễn trí vinh chuyên gia', 'tây nguyên', 'nguyễn trí vinh', 'tp', 'ngân hàng', 'và', 'pnj', 'tnhh', 'đông nam á']"
767,"['thế giới', 'hose mwg', 'ctcp', 'di động', 'đầu tư', 'ubcknn']"
768,['ubck']
769,"['phú an vĩnh long', 'vĩnh long', 'thương mại', 'đầu tư', '508', 'bạch đằng', 'ctcp', 'huyện', 'mê linh', 'xã', 'bidv', 'bạch đằng bạch đằng', 'complex', 'thống nhất', 'dịch vụ', 'phú yên', 'xây dựng', 'khách sạn', 'tiền phong']"
770,"['phú an vĩnh long', 'vĩnh long', 'bắc an giang trước', 'thương mại', 'ang giang', 'bắc an giang', 'châu đốc', 'đầu tư', '508', 'bạch đằng', 'công ty', 'ctcp', 'bidv', 'việt can', 'thống nhất', 'dịch vụ', 'phú yên', 'xây dựng', 'tnhh', 'khách sạn']"
771,"['điện máy', 'công ty', 'thế giới', 'cp', 'trần kinh doanh', 'tập đoàn', 'đoàn văn hiểu em', 'di động', 'xanh ông', 'mwg']"
772,"['ctcp', 'tiếp vận', 'tân liên phát tân cảng', 'và', 'bidv', 'bất động sản']"
773,"['phát triển', 'nhà nước', 'cổ phần', 'hana', 'hana hàn quốc', 'keb', 'ngân hàng', 'thương mại', 'và', 'đầu tư', 'bidv', 'kho bạc', 'việt nam']"
774,"['khải', 'gia định', '7', 'nguyễn lương bằng', 'hcm', 'phường', 'nhà nước', 'phú mỹ', 'đường', 'phú mỹ hưng', 'ctcp', 'đức', 'bidv', 'tp', 'hose bid chi', 'nhánh', 'ngân hàng', '1', 'quận']"
775,"['thái bình', 'tổng công ty', 'queen', 'công ty', 'công nghiệp', 'bắc', 'hải phòng', 'vận tải biển', 'carl bro đan mạch', 'hoa ngọc lan', 'hà', 'nam triệu', 'bidv', 'nội', 'hoa ngọc lan ocean', 'tàu thuỷ', 'vinashin']"
776,"['cổ phần', 'công ty', 'thế giới', 'di động', 'mwg', 'việt nam']"
777,"['masan consumer holdings', 'meat hà nam phần', 'cổ phần', 'masan', 'masan đây', 'mns', 'núi', 'công ty', 'tập đoàn', 'hàng tiêu dùng', 'masan msn', 'pháo ban', 'tnhh', 'masan trái', 'vingroup']"
778,"['hose pnj', 'công ty', 'đá quý', 'gold', 'vàng bạc', 'pnj', 'silver', 'phú nhuận']"
779,"['fpt', 'minh phú mpc', 'tập đoàn', 'trương gia bình', 'dupon coca cola', 'minh phú', 'việt nam', 'bình']"
780,"['thế giới', 'ctcp', 'di động', 'đầu tư', 'mwg']"
781,"['việt masan consumer', 'hàng tiêu dùng', 'masan masan consumer mch', 'núi', 'meat hà nam cuối', 'việt nam', 'masan', 'công ty', 'ctcp', 'trương công thắng chủ tịch', 'bột giặt', 'vingroup masan', 'net netco', 'phạm hồng sơn', 'tập đoàn', 'masan consumer', 'masan tổng', 'masan comsumer holdings', 'masan hpc được', 'pháo', 'tnhh', 'masan hpc']"
782,"['yoo je bong', 'cho', 'hana từ', 'keb', 'thuê', 'phan đức tú chủ tịch', 'miền', 'hana', 'công ty', 'nam', 'bắc', 'hana bank', 'bidv', 'hana theo', 'minsheng giám', 'tài chính', 'tập đoàn', 'đốc', 'tnhh', 'khối chiến']"
790,"['watch', 'đá quý', 'gold', 'ctcp', 'phú nhuận', 'pnj', 'silver', 'vàng bạc']"
791,"['châu á', 'mỹ', 'fpt', 'thái bình dương']"
792,"['châu á', 'mỹ', 'fpt', 'thái bình dương']"
793,"['cổ phần', 'mỹ', 'fpt', 'công ty', 'châu á', 'thái bình dương']"
794,"['bidv', 'hose bid']"
795,"['fpt', 'apple', 'đà nẵng', 'subsidy', 'hà nội', 'hưng yên', 'thái nguyên', 'hải dương', 'friends', 'retail', 'long châu', 'gfk fpt shop', 'nam định']"
796,"['thế giới', 'hose mwg', 'research', 'ctcp', 'di động', 'đầu tư', 'ssi']"
797,"['masan consumer holdings', 'masan', 'châu phi', 'masan meatlife', 'quang', 'vingroup theo', 'hà nội', 'nguyễn đăng quang', 'vingroup', 'masan group', 'jacobs']"
798,"['cổ phần', 'công ty', 'thế giới', 'nam nam trung bộ', 'di động', 'đầu tư', 'mwg', 'miền']"
799,"['thế giới', 'ctcp', 'di động', 'đầu tư', 'việt nam']"
800,"['châu âu', 'hose pnj', 'tây', 'công ty', 'đá quý', 'watch', 'vàng bạc', 'hcm', 'pnj', 'tây nguyên', 'miền', 'phú nhuận']"
801,"['khải', 'gia định', 'tmcp', 'phát triển', 'cp', 'phú mỹ hưng', 'nhnn', 'gia định bidv gia', 'đầu tư', 'việt nam', 'công ty', 'ctcp', 'định', 'đức', 'bidv', 'ngân hàng', 'era town giá', 'và', '1', 'quận']"
802,"['phát triển', 'yoo je bong', 'hana', 'keb', 'ngân hàng', 'hose bid', 'hana bank', 'và', 'đầu tư', 'bidv', 'nhà nước', 'việt nam']"
803,"['hsbc', 'thế giới', 'ngân hàng', 'di động', 'tnhh', 'việt nam', 'mtv']"
804,"['bidv', 'hose bid', 'trần xuân hoàng', 'hoàng']"
805,"['ảnh lê hải cuối', 'trần xuân hoàng', 'tú', 'phan đức tú', 'ngân hàng', 'lê kim hoà', 'hose bid', 'vamc', 'hana bank', 'nhnn', 'bidv', 'nhà nước']"
806,"['ảnh lê hải cuối', 'trần xuân hoàng', 'tú', 'phan đức tú', 'ngân hàng', 'lê kim hoà', 'hose bid', 'vamc', 'hana bank', 'nhnn', 'bidv', 'nhà nước']"
807,"['đà nẵng', '7', 'nẵng', 'phổi', 'london anh', 'xanh đmx', 'trung tâm', 'số', 'điện máy', 'vanda', 'người', 'bệnh viện', 'xanh', 'nguyễn văn linh đà', 'tp', 'siêu thị', 'thành phố', 'kiểm soát', 'hà nội', 'bệnh tật', 'anh', 'khách sạn']"
808,"['công ty', 'hose fpt', 'fpt']"
809,"['công ty', 'hose fpt', 'việt nam', 'fpt']"
810,"['vincom', 'vinmart', 'hạ long', 'đà nẵng', 'siêu thị', 'cần thơ', 'hải phòng', 'hcm', 'nha trang', 'vincom retail']"
811,"['lead ssiam vnfin lead', 'hose', 'quỹ etf ssiam vnfin', 'hnx', 'công ty', 'tp', 'fuessvfl', 'chứng khoán', 'hose ssi', 'hcm', 'ssi', 'việt nam', 'etf']"
812,"['mặt trận', 'trung ương', 'cổ phần', 'châu âu', 'công ty', 'tổ quốc', 'hầu a lềnh', 'ubtư', 'trần thanh mẫn', 'chứng khoán', 'bình định', 'tỉnh', 'mttq', 'ssi', 'uỷ ban', 'việt nam', 'nguyễn xuân phúc']"
813,"['điện máy', 'công ty', 'thế giới', 'hose mwg', 'tp', 'biên hoà', 'xanh', 'hà nội', 'di động', 'hcm', 'đầu tư', 'mwg']"
814,"['công ty', 'đá quý', 'cao ngọc duy', 'trần phương ngọc thảo', 'phú nhuận', 'cao thị ngọc hồng', 'pnj', 'trần phương ngọc giao', 'cao thị ngọc dung', 'thảo', 'vàng bạc']"
815,"['châu âu', 'thái bình', 'mỹ', 'fpt', 'nhật bản', 'ấn độ', 'trung quốc', 'navigos group', 'công ty', 'chứng khoán', 'châu á', 'vnpt', 'dương apac', 'viettel', 'vndirect']"
816,"['hose pnj', 'công ty', 'đá quý', 'vàng bạc', 'watch năm', 'pnj', 'silver', 'phú nhuận']"
817,"['di', 'điện máy', 'công ty', 'thế giới', 'trần kinh doanh', 'siêu thị', 'đoàn văn hiểu em', 'xanh', 'doanh', 'nguyễn đức tài', 'đầu tư', 'đặng minh lượm']"
818,"['phát triển', 'rồng việt vdsc', 'công ty', 'bản', 'keb', 'ngân hàng', 'hana thương', 'llc', 'chứng khoán', 'việt vcsc', 'và', 'đầu tư', 'bidv', 'nhà nước', 'việt nam', 'ssi']"
819,"['y tế', 'hose fpt', 'fpt', 'công ty', 'deawoo ba đình', 'bộ', 'khách sạn']"
820,"['điện máy', 'hose mwg', 'thành phố', 'xanh', 'hà nội', 'di động']"
821,"['vincom', 'vinmart', 'vincom center đồng khởi', 'hạ long', 'đà nẵng', 'tp', 'công ty', 'siêu thị', 'tập đoàn', 'cần thơ', 'vincom retail hose vre', 'hà nội', 'hải phòng', 'hcm', 'nha trang', 'vingroup']"
822,"['vincom retail', 'vingroup', 'việt nam']"
823,"['điện máy', 'thế giới', 'hose mwg', 'ảnh genk lãnh', 'bách hoá', 'xanh', 'hiểu em', 'ctcp', 'hà nội', 'doanh', 'di động', 'đầu tư', 'mwg', 'đạo', 'đoàn văn hiểu em tổng giám đốc']"
824,"['trung quốc', 'nông nghiệp', 'fpt', 'ấn độ', 'số', 'hiệp hội', 'trương gia bình', 'việt nam', 'bình']"
826,"['hà nội', 'mwg', 'tài', 'nguyễn đức tài']"
827,"['phương', 'hose fpt', 'fpt', 'nguyễn thế phương', 'ctcp']"
828,"['tân chánh hiệp', 'phú quốc', 'yên phong', 'đống đa', 'hcm', 'du lịch', 'thương mại', '2', 'phường', 'tmcp', 'số', 'phát triển', 'cửa cạn', 'bắc ninh', 'kiên giang', 'nhà', 'hồng', 'đầu tư', 'nguyên', 'quản lý', 'group', 'việt nam', 'bãi cửa cạn', 'hưng ngân hưng ngân', '12', 'kinh tế', 'ban', 'công ty', 'huyện', 'ctcp', 'hoàng diệu', 'bidv', 'xã', 'phú nhuận', 'sở giao dịch', 'khu', 'tp', 'b1', 'ngân hàng', 'hưng ngân', '51', 'hà nội', 'tỉnh', 'và', 'quận']"
829,"['nguyễn thế phương', 'fpt', 'trương gia bình chủ tịch', 'ctcp']"
830,"['hose fpt', 'phương', 'châu âu', 'mỹ', 'fpt', 'nhật bản', 'nguyễn thế phương', 'công ty', 'châu á', 'thái bình dương']"
831,"['sản xuất', 'điện tử', 'công ty', 'trí tuệ nhân tạo', 'tập đoàn', 'vinai', 'viện', 'vinsmart', 'nghiên cứu', 'và', 'thiết', 'vingroup', 'vinai research']"
832,"['linh', 'hose mwg', 'nguyễn đức tài tổng giám đốc', 'đoàn văn hiểu em thành viên', 'tùng', 'nguyễn huy thanh tùng', 'lý trần kim ngân', 'điện máy', 'đầu tư', 'đặng minh lượm', 'công ty', 'vũ đăng linh', 'hiểu em', 'xanh', 'nguyễn thị thu hương', 'thế giới', 'siêu thị', 'lượm', 'di động', 'ngân']"
833,"['công ty', 'cổ phần', 'fpt']"
834,"['bidv', 'hose bid', 'nhnn']"
836,"['cơ quan', 'điện máy', 'xanh', 'di động', 'các', 'chuỗi bhx', 'nhà nước']"
837,"['nguyễn quốc hùng', 'sông', 'hà', 'phường', 'tân lân', 'hoàng minh châu', 'đường', 'cách mạng tháng tám', 'nguyễn văn trị', 'đan phượng', 'biên hoà', 'huỳnh văn luỹ', 'hoà bình', 'nội dự kiến', 'bà rịa vũng tàu', 'đồng nai', 'huyện', 'vincom', 'tp', 'tập đoàn', 'tỉnh', 'hà nội', 'ubnd', 'đình', 'vingroup', 'châu đức']"
838,"['hose', 'nguyễn hải thắng nhà', 'basel', 'nhnn', 'vn30', 'thắng']"
839,"['nam trung bộ', 'điện máy', 'xanh', 'cà mau', 'di động', 'nam bộ', 'đắk lắk']"
840,"['tổng công ty', 'fpt', 'công ty', 'vốn', 'lê song lai', 'vinamilk', 'scic', 'sic', 'một', 'và', 'đầu tư', 'kinh doanh', 'thành viên', 'tnhh', 'nhà nước']"
841,"['đảo', 'mariana', 'nha trang', 'hòn tre', 'vingroup', 'việt nam']"
842,"['bsc', 'vietnam index ftse etf', 'bidv', 'vn', 'stb', 'ftse']"
843,"['đường', 'khải', 'gia định', '15b', 'tp', '7', 'phú mỹ hưng', 'ngân hàng', 'ctcp', 'định', 'đức', 'hcm', 'gia định bidv gia', 'bidv', '1', 'nhà nước', 'quận']"
844,"['hose fpt', 'thái bình', 'châu âu', 'fpt', 'công ty', 'châu á', 'dương apac mỹ']"
845,"['cổ phần', 'tài', 'an khang', 'công ty', 'thế giới', 'tp', 'bách hoá', 'tập đoàn', 'xanh', 'hcm', 'nguyễn đức tài', 'việt nam', 'bán lẻ']"
846,"['công ty', 'cổ phần', 'khải', 'đức']"
847,"['smart city', 'vinhomes', 'đan phượng', 'vinhomes grand park', 'hà nội', 'vinsmart', 'vincom retail', 'vingroup']"
848,"['smart city', 'vingroup vinfast', 'vinhomes grand park đồng', 'vinsmart', 'vincom retail', 'vingroup']"
849,"['watch trong', 'silver', 'gold', 'pnj']"
850,"['mwg', 'sở giao dịch', 'tp', 'chứng khoán', 'hcm', 'uỷ ban', 'nhà nước', 'việt nam', 'nguyễn đức tài chủ tịch']"
851,"['hà tĩnh', 'bắc miền trung được', 'đường', 'vinhomes', 'tp', 'vinpearl', 'thạch hà', 'vincom hà tĩnh ảnh', 'huyện', 'tỉnh', 'vincom hà tĩnh', 'ubnd', 'hà huy tập', 'hàm nghi', 'vingroup', 'khách sạn']"
852,['đmx']
853,"['tp', 'bắc', 'hcm', 'pnj', 'miền']"
854,"['bưởi vĩnh phúc ba', 'phường', 'đường', 'phố', 'yên phú', 'giá', 'giai phạm', 'công ty', 'hoà bình', 'huế hai bà trưng', 'sx', 'yên mỹ', 'ctcp', 'huyện', 'tm', 'hưng yên', 'bidv', 'xã', 'hoàng mai', 'inox hoà bình', 'đình', 'hà nội', 'tỉnh', 'và', 'agribank', 'giáp bát', 'tnhh', 'thôn', 'quận']"
855,['pnj']
856,"['cảng', 'vingroup ảnh l h', 'vingroup hose vic', 'vinfast', 'vinhomes', 'đan phượng', 'vinpearl tuy', 'vinfast công ty', 'việt nam', 'quảng ninh', 'smart city', 'mỹ', 'lạch huyện', 'tp', 'vượng', 'tập đoàn', 'vinhomes grand park', 'hà nội', 'hải phòng', 'vincom retail', 'vingroup']"
857,"['gia định', '7', 'thuận thảo', 'bình chánh', 'hcm', 'du lịch', 'đồng bằng', 'đường', 'tân túc', 'sông cửu long', 'bùi thị xuân', 'thị trấn', 'đầu tư', 'công ty', 'ctcp', 'quý hải phú quốc', 'huyện', 'bidv', 'khu', 'nam sài gòn', '15b', 'tp', 'sinh thái', 'phú tài', '1', 'quận']"
858,"['phạm vũ thanh giang', 'phạm thị mỹ hạnh', 'robert alan willett cổ', 'pnj']"
859,"['tân chánh hiệp', 'phú quốc', 'đống đa', '10', 'hcm', 'du lịch', '130', 'phường', 'cửa cạn', 'đường', 'kiên giang', 'tử giám', 'nhà', 'quản lý', 'bãi cửa cạn', '12', 'kinh tế', 'ban', 'ctcp', 'nguyên hồng phường láng hạ', 'tôn đức thắng quốc', 'huyện', 'hoàng diệu', 'bidv', 'xã', 'phú nhuận', 'khu', 'tp', 'b1', 'hưng ngân', '51', 'hà nội', 'tỉnh', 'nguyễn đắc điềm', 'quận']"
860,"['nông nghiệp', 'nông thôn', 'phường', 'phát triển', 'quảng yên như', 'trịnh đình dũng', 'quảng yên', 'đầu tư', '&', 'thị xã', 'hạ long', 'kế hoạch', 'xanh', 'bộ', 'quảng ninh', 'hà an hoàng tân', 'môi trường', 'vingroup ctcp vinhomes', 'hà khẩu đại yên', 'tân an', 'tp', 'tập đoàn', 'tỉnh', 'ubnd', 'xây dựng', 'liên hoà', 'tài nguyên']"
861,"['nông nghiệp', 'nông thôn', 'phường', 'phát triển', 'quảng yên như', 'trịnh đình dũng', 'quảng yên', 'đầu tư', '&', 'thị xã', 'hạ long', 'kế hoạch', 'xanh', 'bộ', 'quảng ninh', 'hà an hoàng tân', 'môi trường', 'vingroup ctcp vinhomes', 'hà khẩu đại yên', 'tân an', 'tp', 'tập đoàn', 'tỉnh', 'ubnd', 'xây dựng', 'liên hoà', 'tài nguyên']"
862,"['trung quốc', 'ava', 'tài', 'china', 'tp', 'đoàn văn hiểu em', 'xanh', 'hiểu em', 'hiểu em công ty', 'delight', 'di động', 'hcm', 'nguyễn đức tài', 'việt nam', 'bách hoá']"
863,"['thương mại', 'phát triển', 'masan consumer holdings', 'masan group hosemsn', 'masan cosumer holdings mch', 'the sherpa', 'crownx', 'nguyễn đăng quang', 'cổ phần', 'masan', 'công ty', 'vineco', 'ctcp', 'crownx nếu masan', 'vcm', 'masan group theo', 'dịch vụ', 'danny le', 'và', 'vingroup', 'tnhh', 'masan group']"
864,"['cổ phần', 'vinacafé biên hoà vcf', 'công ty', 'masan beverage', 'hàng tiêu dùng', 'vinacafé biên hoà', 'tnhh', 'masan masan consumer doanh nghiệp', 'mtv']"
865,"['masan', 'ông', 'morgan stanley', 'danny le', 'tập đoàn', 'ngân hàng', 'đại học', 'đầu tư', 'masan group', 'bowdoin mỹ trước']"
866,"['citizen', 'đoàn văn hiểu em', 'di động']"
868,"['dũng', 'xanh ngoài', 'tài', 'tp', 'đồng nai', 'báo', 'hcm', 'ubnd', 'cao tiến dũng', 'nguyễn đức tài', 'mwg']"
869,"['gold', 'pnj']"
870,"['bidv', 'hose bid']"
872,"['tài sản', 'tài', 'thuận thảo', 'bình chánh', 'phường', 'tmcp', 'đấu giá', 'phát triển', 'đường', 'phú tài bidv phú', 'tân túc', 'bùi thị xuân', 'thị trấn', 'đầu tư', 'việt nam', 'tp hồ chí minh', 'võ thị thanh', 'ctcp', 'huyện', 'bidv', 'bến thành', 'nam sài gòn', 'phú tài với', 'ngân hàng', 'và', '1', 'lam sơn', 'quận']"
874,"['bảo việt bvsc', 'hose', 'sở giao dịch', 'mirae asset', 'hnx', 'công ty', 'tp', 'chứng khoán', 'hà nội', 'hsc', 'hose ssi', 'hcm', 'ssi', 'vndirect', 'shs']"
875,"['hose', 'hose doanh nghiệp', 'hnx', 'công ty', 'chứng khoán', 'hose ssi', 'nguyễn hồng nam']"
876,"['hose fpt theo', 'sở giao dịch', 'tổng công ty', 'fpt', 'thực phẩm', 'công ty', 'tp', 'vốn', 'chứng khoán', 'trương gia bình', 'scic', 'năm', 'hcm', 'và', 'đầu tư', 'kinh doanh', 'nhà nước', 'công nghệ']"
879,"['smart city', 'vincom retail', 'vinhomes', 'quảng ninh', 'tập đoàn', 'vingroup hose vic', 'vinsmart', 'hải phòng', 'vinfast', 'vingroup', 'vinhomes grand park ngoài', 'vinpearl']"
880,"['mỹ', 'masan group', 'hung nguyen đoàn thị', 'nguyễn thiều nam michael', 'duyên đây', 'chứng khoán', 'giá', 'danny lê', 'uỷ ban', 'nhà nước']"
881,"['công ty', 'hose fpt', 'mỹ', 'fpt']"
882,"['hose pnj', 'công ty', 'đá quý', 'lê trí thông tổng giám đốc', 'phú nhuận', 'pnj', 'cao thị ngọc dung', 'vàng bạc']"
883,"['ngọc khánh', 'huỳnh', 'hạ', 'khánh', 'ngọc', 'kháng', 'láng', 'bidv', 'chi', 'thúc']"
886,"['công ty', 'thế giới', 'hose mwg', 'di động', 'đầu tư', 'mwg', 'siêu rẻ']"
887,"['công ty', 'smart cloud', 'tnhh', 'fpt']"
888,"['vàng', 'lê trí thông', 'cổ phần', 'công ty', 'đá quý', 'lê trí thông tổng giám đốc', 'vàng bạc', 'nợ', 'chi phí', 'phú nhuận']"
889,['fpt']
890,"['hose', 'hnx', 'chứng khoán', 'ctcp', 'forbes', 'hose ssi', 'ssi', 'việt nam']"
891,"['vàng', 'hose pnj', 'đá quý', 'lê trí thông tổng giám đốc', 'vàng bạc', 'khối cung', 'đặng hải anh', 'pnj', 'hđqt', 'lê quang phúc', 'phú nhuận']"
892,"['telecom', 'fpt', 'upcom fox']"
893,"['đà nẵng', 'silver', 'pnj']"
894,"['nguyễn văn hải tổng giám đốc', 'ava', 'hải', 'pnj', 'vndirect']"
895,"['công ty', 'ngọc', 'fpt', 'bùi quang ngọc']"
896,"['thị xã', 'nguyễn đức long', 'đồi', 'tập đoàn', 'tỉnh', 'ubnd', 'đông triều', 'vingroup', 'hồ', 'quảng ninh', 'khe chè']"
898,"['bidv', 'hose bid']"
899,"['tân mỹ', 'safari hạ long kcn', 'cần giuộc', 'vingroup hose vic', 'đô thị', 'thạnh hoà', 'khe chè', 'đức lập thượng mới', 'bắc luân', 'việt nam', 'quảng yên khu', 'hậu nghĩa', 'bình đức', 'thị xã', 'hạ long', 'đức hoà', 'vinhomes đức hoà long', 'huyện', 'an', 'bến lức', 'đông triều', 'xã', 'hồ', 'quảng ninh', 'long an', 'tập đoàn', 'tỉnh', 'vingroup']"
900,"['hose', 'ngọc', 'fpt', 'bùi quang ngọc']"
901,"['võ thị thanh phía', 'cảng', 'thép', 'thuận thảo', 'bình chánh', 'hcm', 'thương mại', 'phường', 'tmcp', 'phát triển', 'đường', 'tân túc', 'upcom gtt', 'cái rồng', 'bùi thị xuân', 'thị trấn', 'đầu tư', 'việt nam', 'nam sơn', 'cổ phần', 'võ thị thanh', 'công ty', 'huyện', 'hưng yên', 'bidv', 'quảng ninh', 'bến thành', 'nam sài gòn', 'tp', 'phú yên', 'ngân hàng', 'vân đồn', 'đại dương', 'tỉnh', 'và', 'xây dựng', 'kinh doanh', '1', 'quận']"
902,"['phát triển', 'elcom', 'điện tử', 'samarang ucits', 'chứng khoán', 'ctcp', 'viễn thông', 'việt nam', 'nguyễn duy hưng', 'pyn elite fund', 'đầu tư', 'ssi', 'công nghệ', 'elcom theo']"
903,['fpt']
904,"['bidv', 'việt nam']"
905,"['cổ phần', 'hose pnj', 'công ty', 'đá quý', 'đà nẵng', 'phú nhuận', 'pnj', 'vàng bạc']"
908,"['đảo', 'lng', 'kỳ anh', 'điện khí', 'exxon mobil', 'cái tráp', 'hà tĩnh', 'vũng áng', 'đoàn', 'siemens', 'cát hải', 'thị xã', 'công ty', 'huyện', 'đức', 'nhà máy', 't&t', 'tập đoàn', 'vingroup tập', 'tỉnh', 'điện', 'ubnd', 'vingroup']"
909,"['phát triển', 'ngân hàng', 'hose bic', 'và', 'đầu tư', 'bidv', 'việt nam']"
910,"['phương nam pnb', 'pnb', 'dương công minh', 'nhnn', 'stb', 'nguyễn đức thạch diễm']"
911,"['msn', 'mbb', 'vn30', 'vn', 'index']"
912,"['hose pnj', 'công ty', 'đá quý', 'vàng bạc', 'pnj', 'phú nhuận']"
913,"['thái bình', 'nhật bản', 'fpt', 'châu á', 'dương apac']"
914,"['fpt', 'tower', 'tập đoàn', 'cần thơ', 'đại học', 'chi phí', 'telecom tân thuận fpt']"
915,"['gold', 'chứng khoán', 'pnj', 'uỷ ban', 'nhà nước']"
916,"['y tế', 'đà nẵng', 'bắc ninh', 'hải phòng', 'bộ', 'vingroup']"
917,"['chăn nuôi', 'phạm', 'đoàn', 'chính', 'thanh nam', 'hà', 'nguyễn xuân giáp phạm hồng', 'du lịch', 'thương mại', 'đinh', 'nguyễn', 'phát triển', 'hà tĩnh', 'tand', 'cp', 'anh', 'dũng', 'đoàn hồng dũng', 'bình hà', 'ánh', 'đầu tư', 'xuân', 'văn', 'bình hà công ty', 'thị', 'việt nam', 'kiều', 'hà thành', 'công ty', 'quang', 'đình', 'vân', 'bidv', 'trần bắc hà', 'lạm', 'ngô duy chính', 'duy', 'tp', 'hồng', 'ngân hàng', 'hà nội', 'và', 'tnhh', 'trung dũng', 'thanh']"
918,"['tài', 'thế giới', 'trần huy thanh tùng', 'nguyễn đức tài', 'đầu tư', 'tùng', 'mwg']"
919,"['asean', 'đào phong trúc đại', 'bumper aapico lear zf', 'công nghiệp', 'hải', 'thành công', 'sông', 'cái với', 'tp móng', 'việt hưng', 'phát triển', 'vinhomes', 'nguyễn mạnh tuấn trưởng', 'lục lầm', 'cp', 'đầu tư', 'quản lý', 'trường', 'việt nam', 'cổ phần', 'kinh tế', 'ban', 'công ty', 'liên bang', 'đức', 'quảng ninh', 'khu', 'tập đoàn', 'tỉnh', 'hải phòng', 'trần bá dương', 'vingroup']"
920,"['asean', 'đào phong trúc đại', 'bumper aapico lear zf', 'công nghiệp', 'hải', 'thành công', 'sông', 'cái với', 'tp móng', 'việt hưng', 'phát triển', 'vinhomes', 'nguyễn mạnh tuấn trưởng', 'lục lầm', 'cp', 'đầu tư', 'quản lý', 'trường', 'việt nam', 'cổ phần', 'kinh tế', 'ban', 'công ty', 'liên bang', 'đức', 'quảng ninh', 'khu', 'tập đoàn', 'tỉnh', 'hải phòng', 'trần bá dương', 'vingroup']"
921,"['nguyễn thế minh giám', 'minh', 'công ty', 'yuanta', 'chứng khoán', 'pnj', 'silver', 'việt nam']"
922,"['forbes', 'việt nam', 'pnj']"
923,"['đà nẵng', 'đô thị', 'nghiên cứu', 'phường', 'phần mềm', 'trung tâm', 'quy nhơn bình định', 'phát triển', 'quy nhơn', 'bùi thị xuân', 'bình định', 'công ty', 'nguyễn phi long pct', 'ctcp', 'fpt', 'tp', 'tỉnh', 'ubnd', 'trần quang diệu', 'và', 'tnhh', 'công nghệ']"
924,"['đà nẵng', 'đô thị', 'nghiên cứu', 'phường', 'phần mềm', 'trung tâm', 'quy nhơn bình định', 'phát triển', 'quy nhơn', 'bùi thị xuân', 'bình định', 'công ty', 'nguyễn phi long pct', 'ctcp', 'fpt', 'tp', 'tỉnh', 'ubnd', 'trần quang diệu', 'và', 'tnhh', 'công nghệ']"
925,"['đà nẵng', 'đô thị', 'nghiên cứu', 'phường', 'phần mềm', 'trung tâm', 'quy nhơn bình định', 'phát triển', 'quy nhơn', 'bùi thị xuân', 'bình định', 'công ty', 'nguyễn phi long pct', 'ctcp', 'fpt', 'tp', 'tỉnh', 'ubnd', 'trần quang diệu', 'và', 'tnhh', 'công nghệ']"
926,"['đà nẵng', 'đô thị', 'nghiên cứu', 'phường', 'phần mềm', 'trung tâm', 'quy nhơn bình định', 'phát triển', 'quy nhơn', 'bùi thị xuân', 'bình định', 'công ty', 'nguyễn phi long pct', 'ctcp', 'fpt', 'tp', 'tỉnh', 'ubnd', 'trần quang diệu', 'và', 'tnhh', 'công nghệ']"
927,"['lê trí thông', 'cao thị ngọc dung', 'pnj']"
928,"['tân tiến', 'bắc giang', 'bắc', 'quảng phúc', 'thương', 'sông', 'trung tâm', 'núi', 'mai', 'đồng', 'sơn', 'tiền', 'phong tân', 'xã', 'đồng', 'liễu', 'giang', 'tp', 'song', 'hà nội', 'ubnd', 'vingroup']"
929,['fpt']
